"","Variable","P-value","Normal"
"1","mpg","0.122881358539443","Yes"
"2","cyl","6.05833813310341e-06","No"
"3","disp","0.0208065696108598","No"
"4","hp","0.0488082381051741","No"
"5","drat","0.110060757426683","Yes"
"6","wt","0.0926549888932132","Yes"
"7","qsec","0.593517649295161","Yes"
"8","vs","9.73737573091618e-08","No"
"9","am","7.83635448813453e-08","No"
"10","gear","1.30684376520844e-05","No"
"11","carb","0.000438240495931375","No"
