"Columna","Media","Mediana"
"mpg",20.090625,19.2
"cyl",6.1875,6
"disp",230.721875,196.3
"hp",146.6875,123
"drat",3.5965625,3.695
"wt",3.21725,3.325
"qsec",17.84875,17.71
"vs",0.4375,0
"am",0.40625,0
"gear",3.6875,4
"carb",2.8125,2
